{
  "project_info": {
    "project_number": "306911657356",
    "firebase_url": "https://fir-loginminhal.firebaseio.com",
    "project_id": "fir-loginminhal",
    "storage_bucket": "fir-loginminhal.appspot.com"
  },
  "client": [
    {
      "client_info": {
        "mobilesdk_app_id": "1:306911657356:android:52d4686f3525e2aa",
        "android_client_info": {
          "package_name": "tomerbu.edu.firebaseloginminh"
        }
      },
      "oauth_client": [
        {
          "client_id": "306911657356-m8nbfhlfj18if456tsh3sb9ri0lbe6ul.apps.googleusercontent.com",
          "client_type": 1,
          "android_info": {
            "package_name": "tomerbu.edu.firebaseloginminh",
            "certificate_hash": "8ff017bdfec2af9e8813dbd27c41b7f9b951da17"
          }
        },
        {
          "client_id": "306911657356-4hd704bsrfgsqibr2ur1ommv2hvj83lt.apps.googleusercontent.com",
          "client_type": 3
        }
      ],
      "api_key": [
        {
          "current_key": "AIzaSyDrjGD-9nVcnp_SSNziGhpWepYPEhE5h-s"
        }
      ],
      "services": {
        "analytics_service": {
          "status": 1
        },
        "appinvite_service": {
          "status": 2,
          "other_platform_oauth_client": [
            {
              "client_id": "306911657356-4hd704bsrfgsqibr2ur1ommv2hvj83lt.apps.googleusercontent.com",
              "client_type": 3
            }
          ]
        },
        "ads_service": {
          "status": 2
        }
      }
    }
  ],
  "configuration_version": "1"
}